ID,Type
1937e7c0b5354506,Flight Ticket
1935b958501e81a3,Flight Ticket
1939ce4c1d67199c,Flight Ticket
193b1d9d59dbcf63,Flight Ticket
193e1b239e08c5d8,Flight Ticket
193be11fc4130bd1,Flight Ticket
19389d25642d94e5,Flight Ticket
194113b2c4078fb3,Flight Ticket
1939301f8d9de769,Flight Ticket
193bdcdd11b4e20e,Flight Ticket
1939ce577f7827c3,Flight Ticket
193bdd1e0434a295,Flight Ticket
193b764e1efed6c1,Flight Ticket
19410dcdf67d7330,Flight Ticket
193b211a6088077d,Flight Ticket
193d5b581811ecdd,Flight Ticket
1937f26d7fa9b2f1,Flight Ticket
193a9a22d6573170,Flight Ticket
1939353b25e8f96e,Flight Ticket
193907ebe8389f99,Flight Ticket
193997cb82f4f816,Flight Ticket
193a904eaf5d6a2e,Flight Ticket
19410d04286d4efd,Flight Ticket
193983c10721f64f,Flight Ticket
1937e780fe84bf89,Flight Ticket
193997d0d9b564db,Flight Ticket
193bdce7816276d7,Flight Ticket
193be06b9a960b78,Flight Ticket
193ae0db50078b6e,Flight Ticket
19384699599e7b55,Flight Ticket
1939e80313489da5,Flight Ticket
19390ba98b0a9ce4,Flight Ticket
1941145bbd2a18ff,Flight Ticket
19390be76d64d54e,Flight Ticket
1941a238ec03bc1c,Flight Ticket
1938ea104dc4e74b,Flight Ticket
193b2143853b5ba7,Flight Ticket
1942974cbe24506f,Flight Ticket
1938a48682576b5b,Flight Ticket
193f75965583109a,Flight Ticket
193af36da401dfa7,Flight Ticket
19390bde05c455af,Flight Ticket
193b2ec188a43bae,Flight Ticket
1939e99b24eaf087,Flight Ticket
19389dccfbc47ae4,Flight Ticket
193b758c56b4dc3d,Flight Ticket
1938e9f50b4ab362,Flight Ticket
1938a4bed6cd271f,Flight Ticket
193983c4a09483cb,Flight Ticket
19384559b2c9fb38,Flight Ticket
19390bd5a63d7ae5,Flight Ticket
1937f267cbfe5a1b,Flight Ticket
193bdcd5899ee0bf,Flight Ticket
193bdcd1852ca647,Flight Ticket
193e76b9eb65a1b2,Flight Ticket
1937e7b21ede101f,Flight Ticket
19390baf6ab41df9,Flight Ticket
194112efa3f37bb7,Flight Ticket
1937f27b532fb3ef,Flight Ticket
1938a4993ff58e9d,Flight Ticket
1937f273995ce1fd,Flight Ticket
193be10bed961275,Flight Ticket
193c64f89dd0ffdc,Flight Ticket
193846804b191906,Flight Ticket
1937e797678ef999,Flight Ticket
1937e78517c1a824,Flight Ticket
193997e1b94b0d0e,Flight Ticket
194101d1b00c681e,Flight Ticket
193997d8f7354ba0,Flight Ticket
19394e33fdb67d60,Flight Ticket
6eee77f51ff177fb,Hotel Reservation
193bd98d4dfaf9eb,Hotel Reservation
1940bf57010c489c,Hotel Reservation
193bd72400a576c2,Hotel Reservation
193be4e9fec6c275,Hotel Reservation
1935b95937bdcddf,Hotel Reservation
92837ladjkajsdjlakjd,Hotel Reservation
1939e9e3db865e5e,Hotel Reservation
1943e7b16266bc2b,Hotel Reservation
172asldjdldj837487,Hotel Reservation
193be4b8d33eab66,Hotel Reservation
1943e77fc2056589,Hotel Reservation
1943e7d338394c47,Hotel Reservation
342234afdasdfsdf,Hotel Reservation
342234afdasdfsd1,Hotel Reservation
193b8e4485323ea5,Hotel Reservation
193b2789b10ca802,Hotel Reservation
1939ea4507ebbdc2,Hotel Reservation
193d09c91ac08856,Hotel Reservation
2974skedjfhdjhnsk,Hotel Reservation
EXPEDIATAAP,Hotel Reservation
193bd9c812ed11f3,Hotel Reservation
1940bf71ae91bab6,Hotel Reservation
1939eb1b1d9ac9f2,Hotel Reservation
1943e753c74618a7,Hotel Reservation
24987skjdfhkdjfhndk,Hotel Reservation
1939ea13c06bdc1d,Hotel Reservation
347ajdjakdhaksd19,Hotel Reservation
1943e715e5e8475c,Hotel Reservation
908kjdhajkdgbhksdj,Hotel Reservation
193be4729e16e3f1,Hotel Reservation
193931b3c17e23e1,Hotel Reservation
1946b9e9d86c9598,Flight Ticket
19462b01db694fe5,Flight Ticket
194629e5c071b41b,Flight Ticket
194629b3f0212bcb,Flight Ticket
19460ee65dd278e5,Flight Ticket
19460da154edc47e,Flight Ticket
19460d9903771c6c,Flight Ticket
1945e56b41ae0dc3,Flight Ticket
1945bfac87e41179,Flight Ticket
194597636a8a801f,Flight Ticket
1945465871df3502,Flight Ticket
19454546843b1d40,Flight Ticket
1944db4c2ea69505,Flight Ticket
1944d9acd2d9660f,Flight Ticket
1944d972c1a7b414,Flight Ticket
1944d061d8a57963,Flight Ticket
1944869ee30e5347,Flight Ticket
194485d57f47317e,Flight Ticket
19445bb290dc0813,Flight Ticket
19445b59181140bc,Flight Ticket
19445ac34fbb944c,Flight Ticket
1946c53c0e41b89e,Hotel Reservation
1946c525e3601fe9,Hotel Reservation
1946c4f7dd745ae3,Hotel Reservation
194618863fd13c56,Hotel Reservation
194618648ad1528f,Hotel Reservation
19461849cfc716a8,Hotel Reservation
1945b49eaf62f7da,Hotel Reservation
1945b4985075a1a8,Hotel Reservation
194454fd99d12ec1,Hotel Reservation
194812af7a2d13bc,Flight Ticket
19484e725d7a430f,Hotel Reservation
19484e5df703fd74,Hotel Reservation
19484e4774583dfb,Hotel Reservation
19484e320ca9fb50,Hotel Reservation
1948555f8193878b,Flight Ticket
19486d7c5b28d0bc,Flight Ticket
1948a3528a7e9228,Flight Ticket
1948af5c8e78e3c6,Flight Ticket
19494fdab619ec11,Flight Ticket
1949ef6b957b227b,Flight Ticket
1949ef8b11c246b8,Hotel Reservation
194a045a843db9ef,Flight Ticket
194a05e5fae208a4,Flight Ticket
194a414d23ec202d,Hotel Reservation
194a411fe84eedb8,Hotel Reservation
194a4105cc1fecbf,Hotel Reservation
194a40e616a7ee43,Hotel Reservation
194a40c1efc305c2,Hotel Reservation
194a409e3d90091e,Hotel Reservation
194a4088d458b3bf,Hotel Reservation
194a4a56bac266f0,Flight Ticket
194a4db4427127fb,Flight Ticket
194a5811a28c4cc2,Flight Ticket
1948bf6b31f5c029,Hotel Reservation
1948bf07bad63a47,Hotel Reservation
1948becbb42bfaef,Hotel Reservation
1948be915002c255,Hotel Reservation
1948be2c03317230,Hotel Reservation
1948bdec8a59ae20,Hotel Reservation
1948bd752cba97a3,Hotel Reservation
194856c373f879b9,Hotel Reservation
194856b406dce6d1,Hotel Reservation
194856a372ff60a6,Hotel Reservation
194856911d2ff81b,Hotel Reservation
194855e2156ac96c,Hotel Reservation
194855ccaeb19ea2,Hotel Reservation
194855b4bd884278,Hotel Reservation
194855a0326b5810,Hotel Reservation
194aacc1e6750830,Flight Ticket
194aa3646bd61b8e,Flight Ticket
194aa35c7c34758f,Flight Ticket
194a9513d5523cc8,Flight Ticket
194a94db286ac0dd,Flight Ticket
194a92c51bd0a72b,Flight Ticket
194a90b4252bbc0a,Flight Ticket
194a8fd8d1c7027a,Flight Ticket
194ae7e3ab527475,Hotel Reservation
194ae89986055eb3,Hotel Reservation
194ae885819e42a1,Hotel Reservation
194ae8720b9a808a,Hotel Reservation
194ae85d873e7952,Hotel Reservation
194ae84be2b8ce8e,Hotel Reservation
194ae838afd8333d,Hotel Reservation
194ae820c3befe6e,Hotel Reservation
194ae80cadb23c4c,Hotel Reservation
194b0a36525dd9e3,Hotel Reservation
194b370eca648d57,Flight Ticket
194b4090a44935d1,Flight Ticket
194b3f3278d629e6,Flight Ticket
194b43d3274efa1d,Flight Ticket
194b8c2945659e5c,Flight Ticket
194b8af7c5baa8e9,Flight Ticket
194b8cc87f98641c,Flight Ticket
194b9244c5c91e59,Flight Ticket
194b9608027d57e6,Flight Ticket
194b95f9799ea737,Flight Ticket
194b95dbdf70a883,Flight Ticket
194b95d1e563fb1c,Flight Ticket
194b95c42da3d88b,Flight Ticket
194ba13247c22390,Flight Ticket
194b9f7b886b772e,Flight Ticket
194be695efb7d886,Flight Ticket
194be695331077e2,Flight Ticket
194bec636dcdb04d,Flight Ticket
194bea64748b0a20,Flight Ticket
194cb0579336352e,Flight Ticket
194cd38a8a1b6027,Flight Ticket
194cf7b69ae7fd98,Flight Ticket
194d2dc91af10c28,Flight Ticket
194d3f780b989f98,Flight Ticket
194d790e701bbd2f,Flight Ticket
194d77c371733df2,Flight Ticket
194d7c9030db1db6,Flight Ticket
194d99a27d0e2ccb,Flight Ticket
194dc9d345710109,Flight Ticket
194dcbe422ee953a,Flight Ticket
194dce4166ffbdd1,Flight Ticket
194dcda26b1c7d73,Flight Ticket
194dd5a21faee8e7,Flight Ticket
194dda1b91340ac0,Flight Ticket
194dd9d162e5d8c8,Flight Ticket
194deae708e9058f,Flight Ticket
194e1d00692d88c0,Flight Ticket
194e22ec9a8fc7a5,Flight Ticket
194e23bc09c06065,Flight Ticket
194e31092b3315dd,Flight Ticket
194e305ccb53a3b7,Flight Ticket
194e3032031916ed,Flight Ticket
194e2ff08340801a,Flight Ticket
194e2f6c8ecbf5f5,Flight Ticket
194e323a4f656bfd,Flight Ticket
194e3229f9e4757b,Flight Ticket
194e314510a4a886,Flight Ticket
194e3a376c7f2c7d,Flight Ticket
194bb6ee3195961a,Hotel Reservation
194b91d35ea84009,Hotel Reservation
194b0a6dd02f22bb,Hotel Reservation
194b0a5a554c1106,Hotel Reservation
194f183d7150ae9a,Flight Ticket
194f316091943c63,Flight Ticket
194f3082021a0570,Flight Ticket
194f32e26c3ff916,Flight Ticket
194f5935a8a5fb26,Flight Ticket
194f66d909fd433b,Hotel Reservation
194f66b14bd6e4f1,Hotel Reservation
194f669c9f5111e3,Hotel Reservation
194f7a6043a3cd78,Flight Ticket
194f7a298a8f62f9,Flight Ticket
194f7a240d6bd3d0,Flight Ticket
194f7a1dc8acae3e,Flight Ticket
194f7a1b61e6ced7,Flight Ticket
194fb42dac6595f9,Flight Ticket
194fb408a2bdd0cf,Flight Ticket
194fbae7a3b83ecd,Flight Ticket
194fbab6e771f503,Flight Ticket
194fc4d5c325d154,Hotel Reservation
194fc4cc686ea8fc,Hotel Reservation
194fc4b849fff5b1,Hotel Reservation
194fc4af4b9d29ee,Hotel Reservation
194fc4a5ce8647d4,Hotel Reservation
194fc4970ecba039,Hotel Reservation
194fc47be1f7fa61,Hotel Reservation
194fc82736cdcfe8,Hotel Reservation
194fc7f31a781bba,Hotel Reservation
194fc7d5b03908f3,Hotel Reservation
195003cf759e1acd,Flight Ticket
195003cd6cfe61c0,Flight Ticket
195006c4ac488034,Flight Ticket
1950086082eb5207,Hotel Reservation
1950084b8a2229f2,Hotel Reservation
19506636be755fb6,Flight Ticket
19507718b051a9c4,Flight Ticket
195076e6d6be9a6f,Flight Ticket
195076abe2c769ed,Flight Ticket
1950ae30bfd9b210,Hotel Reservation
1950c35795312505,Hotel Reservation
1950c30e20428cef,Hotel Reservation
1950c2f7058377dc,Hotel Reservation
1950c2a72be5f2c3,Hotel Reservation
1950c2744fc4e50b,Hotel Reservation
1950c22fe745c778,Hotel Reservation
195106b1a613d4ae,Hotel Reservation
195105bad4cfea46,Hotel Reservation
195152593ad07148,Flight Ticket
195151fa2d1b5c09,Flight Ticket
19515c9516948ddc,Flight Ticket
1951a93df3d7cf70,Flight Ticket
1951ad2f255e1a58,Flight Ticket
1951afd7abc15a9c,Flight Ticket
1951af63e7e9e1f6,Flight Ticket
1951af0b6bbf6533,Flight Ticket
1951b1ab5ee9be89,Flight Ticket
1951b16d53f74f39,Flight Ticket
1951f6d71ada2821,Flight Ticket
1952023fbcd3174c,Flight Ticket
195201cddaa791c6,Flight Ticket
19520dcb8ec71993,Flight Ticket
19520fe87602a0bf,Flight Ticket
19520efaabdc6556,Flight Ticket
19520e186e40f6f9,Flight Ticket
19521e658d5c679b,Flight Ticket
19524e2b90a786d7,Flight Ticket
19524e1d452de601,Flight Ticket
195295b829e8a03e,Hotel Reservation
195311597d666145,Flight Ticket
1953108f8e924d58,Flight Ticket
19534167f05cf2c3,Flight Ticket
19534105bbf547db,Flight Ticket
1953a5ff66585b9e,Hotel Reservation
1953a5de35f1f53f,Hotel Reservation
1953aa609ff244c7,Flight Ticket
19548839a74602a9,Flight Ticket
19548824ec1a08f9,Flight Ticket
19548ff9223041bc,Flight Ticket
195491418f845f07,Hotel Reservation
1954ad8dcfb041f8,Flight Ticket
1954af0fa1b4353c,Flight Ticket
1954db4dba5a1b03,Hotel Reservation
1954db42b6c1ed91,Hotel Reservation
1954db37929e187a,Hotel Reservation
1954db2db705e77c,Hotel Reservation
1954db22bbf700b3,Hotel Reservation
1954db19dac30822,Hotel Reservation
1954db11ce1109b9,Hotel Reservation
1954db0a98676ec8,Hotel Reservation
1954f5ff199c3888,Flight Ticket
1954f59d3dc68f13,Flight Ticket
1954f40f9e0c7a8a,Hotel Reservation
1954f3fb1f3162a0,Hotel Reservation
1954f3c56dfa2061,Hotel Reservation
1954f3aac35f574d,Hotel Reservation
1954f3899a704c13,Hotel Reservation
1954fadc95353312,Hotel Reservation
1955d16c8f1ed40d,Flight Ticket
1955e16479307d51,Flight Ticket
1956231b5f82ceb3,Flight Ticket
1956283f487ad14b,Flight Ticket
1956257c3f7389c9,Flight Ticket
19562543c88071c1,Flight Ticket
195629235164ae94,Flight Ticket
19567a93a3ebf7dd,Flight Ticket
1956790357c10b6a,Hotel Reservation
19567e6b074b1658,Flight Ticket
19567e65ee843e7a,Flight Ticket
19568c4c69d91301,Flight Ticket
19569298e7f0f9de,Flight Ticket
1956d0182c3ef4f7,Hotel Reservation
1956d00025ada5ab,Hotel Reservation
1956d4060fb96e4e,Hotel Reservation
1956d376b8de87df,Hotel Reservation
1956d23511a71c59,Hotel Reservation
1956d133afe9822a,Hotel Reservation
1956d5f7c101abeb,Hotel Reservation
1956de6d2f6f0a85,Hotel Reservation
1956deca1ec8454d,Hotel Reservation
195719f4037bdf4c,Flight Ticket
1957213cd685daa2,Flight Ticket
19572564c394d7a4,Flight Ticket
19572ad253007415,Flight Ticket
19572a8ba892dab6,Flight Ticket
19573d32ebfa0739,Flight Ticket
19573d32a6a67b48,Flight Ticket
19573c293388e0cb,Flight Ticket
19574621b852488e,Flight Ticket
1957712325bbf459,Flight Ticket
195773081f59cb0a,Flight Ticket
195773080c28b546,Flight Ticket
195787532cee66ee,Flight Ticket
195786e1f7345252,Flight Ticket
1957bc1827e71136,Flight Ticket
1957d8c6a8f04d17,Hotel Reservation
1957d8a72cafcb93,Hotel Reservation
1957d947b2864f68,Hotel Reservation
19580c6a0f74d5ff,Flight Ticket
19580b238bfefd51,Flight Ticket
1958117697f2813c,Flight Ticket
19581a24f3f388b5,Flight Ticket
19581821b614eff1,Flight Ticket
195822f4a4b5b0c0,Flight Ticket
195830e5efb9c1f4,Flight Ticket
19583363eb89a8ff,Flight Ticket
19583351ad9a9daf,Flight Ticket
1958334828f28f2d,Flight Ticket
195875a1d196df25,Flight Ticket
195874f830147e26,Flight Ticket
19587fb5becc8cf5,Hotel Reservation
19587f9e31ea2b4a,Hotel Reservation
1958bac9685097f9,Flight Ticket
1958b9b48113e5bc,Flight Ticket
1958bee2d713f9bd,Flight Ticket
1958c55e37b66a97,Flight Ticket
1958c5591d9d30ea,Flight Ticket
1958c3053469557e,Flight Ticket
1958c304b032d29e,Flight Ticket
1958c2f578d0c232,Hotel Reservation
195913ceed4d297d,Flight Ticket
195913bb239e1440,Flight Ticket
1959138b85b6236f,Flight Ticket
195913494f71fa3f,Flight Ticket
19591345516d3b4b,Flight Ticket
1959133e03827f82,Flight Ticket
1959149548e40264,Hotel Reservation
19591d600c04a6e3,Flight Ticket
19594e54c0997c6f,Flight Ticket
19596e20b348c387,Flight Ticket
19596e0881c6b67a,Flight Ticket
19596decf7f0baa9,Flight Ticket
19596dd754823536,Flight Ticket
19596db5c5a61d3c,Flight Ticket
19596d986082969e,Flight Ticket
19596ccd4a31960d,Hotel Reservation
19596ee1111f0c7a,Hotel Reservation
19597726d84c2046,Hotel Reservation
19597b137fdb9e4c,Flight Ticket
19597eaefa7ac289,Flight Ticket
19597e9af5180166,Flight Ticket
19597bec708cc0ab,Flight Ticket
1959d62123a53843,Flight Ticket
1959d57b90ee5027,Flight Ticket
195a50aa655dbc09,Flight Ticket
195a50a5bfd93f89,Flight Ticket
195a50a13d512262,Flight Ticket
195a509e65c2a960,Flight Ticket
195a5099e7190251,Flight Ticket
195a51e2ea50f075,Flight Ticket
195a517dde6fc6c8,Flight Ticket
195a54bc91f647b2,Flight Ticket
195a5adb5b36d779,Flight Ticket
195a5975207b8a70,Flight Ticket
195a58ea23ac351c,Flight Ticket
195a58b30e5c2d01,Flight Ticket
195a587ea83ec888,Flight Ticket
195a5bbce325884d,Flight Ticket
195a5bbb04e27fb8,Flight Ticket
195a6a0ba9c6a58e,Flight Ticket
195a6e273d7f5b99,Flight Ticket
195a6e1d6c90440e,Flight Ticket
195a6fef00bb353a,Flight Ticket
195a7520f6840ec6,Flight Ticket
195aa9f7fb113a28,Flight Ticket
195aa91f472ac281,Flight Ticket
195aa862ed707bff,Flight Ticket
195aafed32f31067,Flight Ticket
195ab52e348f9710,Flight Ticket
195ab816b7a02fbe,Flight Ticket
195ab7fb73a15c5b,Flight Ticket
195abfc7bc6cb833,Flight Ticket
195abf4b8fd675ec,Flight Ticket
195de42411f6c170,Flight Ticket
195db2f78ee1a60f,Flight Ticket
195db2109d56789f,Flight Ticket
195daf6df41df42f,Flight Ticket
195dace16b051f70,Flight Ticket
195dac5c08c5966c,Flight Ticket
195da9be22e09ace,Flight Ticket
195da875b573a6e9,Flight Ticket
195da72b6a097aaa,Flight Ticket
195d960cc57e20c1,Flight Ticket
195d936e6ed331e6,Flight Ticket
195d50dce5cc67d3,Flight Ticket
195d50d8e942bc3e,Flight Ticket
195d4e8ad4d5d6a9,Flight Ticket
195d3dc55de39183,Flight Ticket
195d385ad6dc1740,Flight Ticket
195ceb7c2034e2f2,Flight Ticket
195ce6254e4d700a,Flight Ticket
195caff5f3ca79a2,Flight Ticket
195caa624f1df96e,Flight Ticket
195ca1110f657dc1,Flight Ticket
195c9e56297ac6f7,Flight Ticket
195c9a452e87804d,Flight Ticket
195c99694244253f,Flight Ticket
195c98734aae83d6,Flight Ticket
195c983de2344ed9,Flight Ticket
195c94d00abc14ce,Flight Ticket
195c5fd0afdb12aa,Flight Ticket
195c5fbbb6078011,Flight Ticket
195c5f58e36b06f2,Flight Ticket
195c5dd7d306311c,Flight Ticket
195c5abbba5f30d1,Flight Ticket
195c5a8648d87626,Flight Ticket
195c59f7c7669339,Flight Ticket
195c4d29137d4cb0,Flight Ticket
195c4bcc6a50f4ee,Flight Ticket
195ba617669be4af,Flight Ticket
195b9c1114364c4c,Flight Ticket
195b7d99b797e372,Flight Ticket
195b6f19ccf6aa0f,Flight Ticket
195b6eb901418a6a,Flight Ticket
195b6ea478839c24,Flight Ticket
195b6d216e506ca2,Flight Ticket
195b679f324ba504,Flight Ticket
195b673c6623f467,Flight Ticket
195b5faae05a49ae,Flight Ticket
195b5bd22aa6e457,Flight Ticket
195b5b22ab848197,Flight Ticket
195b5b074dab4655,Flight Ticket
195b584e7ac0dd4d,Flight Ticket
195b57fc1ebd0220,Flight Ticket
195b56d40fe17906,Flight Ticket
195b56963e7bd5b3,Flight Ticket
195b53f7790663df,Flight Ticket
195b5155c7544ba7,Flight Ticket
195b50fbc1dff27e,Flight Ticket
195e05eff41c0807,Hotel Reservation
195e05ce782c0335,Hotel Reservation
195e0546e65593f1,Hotel Reservation
195e052858288b0b,Hotel Reservation
195e0471cae71fdd,Hotel Reservation
195e044d89163526,Hotel Reservation
195e036796762236,Hotel Reservation
195e0303e28d50fd,Hotel Reservation
195e029aa764cc85,Hotel Reservation
195e02820f0ffa04,Hotel Reservation
195e026b2ff0dc38,Hotel Reservation
195e0231991a4781,Hotel Reservation
195e021004250707,Hotel Reservation
195e01ddd998c2e6,Hotel Reservation
195cb27295f06050,Hotel Reservation
195cb22ee7944a66,Hotel Reservation
195caf0fbc91601c,Hotel Reservation
195cad9e90f64878,Hotel Reservation
195cad258524c2f8,Hotel Reservation
195caccd3e49a20b,Hotel Reservation
195cac684d34aee6,Hotel Reservation
195cac135418de8b,Hotel Reservation
195cabc10dac5f36,Hotel Reservation
195cab391c6b5fe0,Hotel Reservation
195c024b2445a64b,Hotel Reservation
195c02272d37b7af,Hotel Reservation
195c01c8a2fb740b,Hotel Reservation
195bb4a75bdaec79,Hotel Reservation
195bb48d5682e3e6,Hotel Reservation
195bb246bb636644,Hotel Reservation
195b6761430717f2,Hotel Reservation
195b5f8f85c8e744,Hotel Reservation
195b5c01a8a83178,Hotel Reservation
195b58fe5490ad1a,Hotel Reservation
195b58e9c99dea72,Hotel Reservation
195b58c5a2dc9130,Hotel Reservation
195b58aa35b07873,Hotel Reservation
195b51b20606f20f,Hotel Reservation
195b519878b40c6e,Hotel Reservation
195b518438809187,Hotel Reservation
195b49359ffaa67c,Hotel Reservation
195bf395cb91908b,Flight Ticket
195b47b44c4ec566,Flight Ticket
195f3fd70ba34bb3,Flight Ticket
195f3dee228a95d2,Flight Ticket
195f351d69146d6c,Flight Ticket
195ef2c0c8225e83,Flight Ticket
195eeb64ed0e05a9,Flight Ticket
195ede7fe6844684,Flight Ticket
195ed216a8553898,Flight Ticket
195ed2092dc6540d,Flight Ticket
195ed1fc739500a6,Flight Ticket
195e9ab0f85b77be,Flight Ticket
195e2b21831fcba5,Flight Ticket
195ed2373705465b,Hotel Reservation
195ea04282b6ba61,Hotel Reservation
195f4be0429b30df,Hotel Reservation
195fd3d226d87aec,Flight Ticket
195fd35a03e480f5,Flight Ticket
195fd2bff4531e98,Flight Ticket
195fd4ace79bb420,Flight Ticket
195fd4ac5b0bd787,Flight Ticket
195fd4ab1fd98481,Flight Ticket
195fdfa7fad5644a,Flight Ticket
195fdf902fe7d787,Hotel Reservation
195fdebb91aa5486,Hotel Reservation
195fde521ef2677f,Hotel Reservation
195fe6ab9c228aba,Hotel Reservation
195ff4e99f322d6b,Flight Ticket
195ff682c31c99f6,Flight Ticket
195ff629e8838f5e,Flight Ticket
19608ab27472f390,Flight Ticket
1960c459eb014d85,Flight Ticket
1960c4405834a057,Flight Ticket
1960d80fc69c6c4c,Flight Ticket
19611bbefc536f44,Flight Ticket
19611af9cc5e5fdb,Flight Ticket
19611ad8875bc70e,Flight Ticket
19611d51054c128d,Hotel Reservation
196126288178bd08,Flight Ticket
196137af0338e9f8,Flight Ticket
1961634c8327af3b,Flight Ticket
1961695c3dd0250f,Flight Ticket
1961767a7fc839bb,Hotel Reservation
196176299cdc7a4b,Hotel Reservation
196175c32ba70986,Hotel Reservation
1961758b4f1be30a,Hotel Reservation
19617554a574a203,Hotel Reservation
19617d881e09724f,Hotel Reservation
19617d239aa912ca,Hotel Reservation
19617d02862668df,Hotel Reservation
19617ce2b9b39b08,Hotel Reservation
19617c2c9f5f743b,Hotel Reservation
19617c0f1e140b04,Hotel Reservation
19617bf51238c615,Hotel Reservation
19617bcff2798d73,Hotel Reservation
19617e1fa518f676,Hotel Reservation
19617dfc6e021d9e,Hotel Reservation
19617db3fa724523,Hotel Reservation
19618ab8c26a4f8e,Flight Ticket
1961899c121c91d7,Flight Ticket
1961b6c68599f986,Flight Ticket
1961ba8e804c0781,Flight Ticket
1961ba5638699fb9,Flight Ticket
1961cd2e4fbf860c,Flight Ticket
1961ccf2558c655a,Flight Ticket
1961d8d95544403a,Flight Ticket
1961dae8894614f6,Flight Ticket
196212a29635e7e0,Hotel Reservation
196212604964f53a,Hotel Reservation
196236194285c35e,Flight Ticket
1962355c76ab3f99,Flight Ticket
196236b88a822898,Hotel Reservation
1962631bef6312dc,Flight Ticket
196271cd26941122,Flight Ticket
1962719555904680,Flight Ticket
1962715dc86d7aa2,Flight Ticket
196277f7a2eebf37,Flight Ticket
1962cbcbf16ede21,Hotel Reservation
196308f5a0d2bbda,Flight Ticket
196308b7619136ee,Flight Ticket
196316e38b617621,Hotel Reservation
196316b87aed0b7c,Hotel Reservation
19635d0929ad5f22,Hotel Reservation
19635c9d17b2c538,Hotel Reservation
19635b7e37eacfe2,Hotel Reservation
19635e9a7c6a7560,Flight Ticket
19635e5fc7856396,Flight Ticket
19636195fc593770,Hotel Reservation
196361545c2dc354,Hotel Reservation
1963600eb529726f,Hotel Reservation
19635f535c146429,Hotel Reservation
196367403317288d,Flight Ticket
196369c7b8800f5e,Flight Ticket
19636a073abc6dcf,Hotel Reservation
19637411a0776f95,Flight Ticket
19639f68a681c8ef,Flight Ticket
19639ed3ab9209a6,Flight Ticket
1963a19385435ecc,Flight Ticket
1963ac305dd104f5,Hotel Reservation
1963b9b23dd1b45b,Flight Ticket
1963bb4e0898f13e,Flight Ticket
1963b96c08793153,Hotel Reservation
196403afa8a642c1,Hotel Reservation
19640a62abc2ca24,Flight Ticket
1964216831c4e5ef,Flight Ticket
1964484429cb1be3,Flight Ticket
196460a30877f2ac,Flight Ticket
19649cf361d166c0,Flight Ticket
19649c9ee8d708f6,Flight Ticket
1964aa4550aaeedf,Flight Ticket
1964b5cd03174bcf,Flight Ticket
1964c2a0d8d3dbe5,Flight Ticket
1964c28c11967629,Flight Ticket
1964c567ef8a294e,Flight Ticket
1964c567aa3969ab,Flight Ticket
1964c5645cc0e9d4,Flight Ticket
1964e8a48a283d0a,Flight Ticket
19650f934e7ba99d,Flight Ticket
1965974a00aa548a,Flight Ticket
19659a75c069481c,Hotel Reservation
19659a3e9466d7c8,Hotel Reservation
1965a2c58ea4f167,Hotel Reservation
1965a2a44fe4aee7,Hotel Reservation
1965af55545cbf78,Flight Ticket
1965af05ca063b5d,Flight Ticket
1965aeeacc020274,Flight Ticket
1965e797a90a7be0,Hotel Reservation
1965e7761b706d64,Hotel Reservation
1965f14031e7be76,Hotel Reservation
1965f4d629106b3d,Flight Ticket
1965fcfc86058ad0,Flight Ticket
196602986eea9b20,Flight Ticket
196610315b18be25,Flight Ticket
19660f99a1217728,Flight Ticket
196635d085f78f56,Flight Ticket
1966394156601a7d,Flight Ticket
19663891f0afd5a8,Flight Ticket
196637a2e7841d6d,Flight Ticket
196636df405647e9,Flight Ticket
196636573771ae35,Flight Ticket
19663628d59570f8,Flight Ticket
19663b250b965d89,Flight Ticket
19664053002400be,Hotel Reservation
1966413b2c9fc23e,Hotel Reservation
1966410a193cd843,Hotel Reservation
196640de0f905d96,Hotel Reservation
196640c10223d4ca,Hotel Reservation
1966409ad24d326d,Hotel Reservation
1966493cab1c3323,Flight Ticket
19665c6ee5ce2087,Hotel Reservation
19665f8fef9fa1b0,Flight Ticket
19665fd0a9106cf8,Hotel Reservation
19667035cb11d271,Flight Ticket
19668b5505961465,Flight Ticket
19668aa561d045dd,Flight Ticket
19668a4e4254a549,Flight Ticket
19668db162381cae,Flight Ticket
19668d54d8d67278,Flight Ticket
19669155f7afa9a0,Hotel Reservation
1966911318e08422,Hotel Reservation
196695a7409f62a4,Hotel Reservation
19669dacca92d527,Flight Ticket
19669d29cc76199a,Flight Ticket
1966a09f9e3c0ec4,Hotel Reservation
1966b6645efc2c75,Flight Ticket
1966df167d7ec07b,Hotel Reservation
1966e6fc19dd8ed2,Hotel Reservation
1966e67800aed054,Hotel Reservation
1966e65234c5af62,Hotel Reservation
1966e625ae06c372,Hotel Reservation
1966e8f1e1da1859,Hotel Reservation
1966e8c21858a184,Hotel Reservation
1966f5627658393d,Hotel Reservation
1966f543451f3be7,Hotel Reservation
19673fe17eab4cd6,Hotel Reservation
19673fbfbf75a5ea,Hotel Reservation
196752c4fd9c746d,Flight Ticket
1967583895fd7d7c,Hotel Reservation
1967581541d3ca22,Hotel Reservation
1967577db72e85d4,Hotel Reservation
196757526b536cb1,Hotel Reservation
196756c91d493ddd,Hotel Reservation
19675678cb66e889,Hotel Reservation
1967650e0912989c,Hotel Reservation
196764d1a62d8014,Hotel Reservation
19679f527441997a,Flight Ticket
1967bee3ea7572cb,Flight Ticket
1967be8b4b6e07a4,Flight Ticket
1967d444a0ee33d1,Flight Ticket
1967d872fa93e205,Hotel Reservation
1967d854f916f46a,Hotel Reservation
1967df0c12c956f6,Hotel Reservation
1967decfd2d8b912,Hotel Reservation
1967dea7c66e821d,Hotel Reservation
1967dcc37a561f3a,Hotel Reservation
1967dca94dd2b160,Hotel Reservation
1967ee8887718e09,Flight Ticket
1967ee85c800ca81,Flight Ticket
1967f2f5996d6a69,Flight Ticket
1967f7176eb81536,Flight Ticket
1967f614aca602a3,Flight Ticket
19681127d2ac9ce0,Flight Ticket
19681c9c0eb8a948,Flight Ticket
19681d90412e1c72,Hotel Reservation
19681d7abfc2a638,Hotel Reservation
19681d60122d946e,Hotel Reservation
19683f23e0a21cf8,Flight Ticket
196840379f9edaeb,Hotel Reservation
196845facf9069dd,Flight Ticket
19684466dec751cf,Flight Ticket
196849fa1421291f,Flight Ticket
196849b8acd3bcd9,Flight Ticket
1968497589890b19,Flight Ticket
19684ac0fac5aedc,Flight Ticket
19685139b29d2d49,Flight Ticket
19685fb81066fb3a,Flight Ticket
19686959ca9c4c83,Flight Ticket
19687f8fb108f80a,Hotel Reservation
19687f65c0352b52,Hotel Reservation
19688abf345d82f8,Flight Ticket
19688bc80844f879,Flight Ticket
1968a3a1f1f272c5,Flight Ticket
1968a37f8455ebd0,Flight Ticket
1968a762549e81c9,Flight Ticket
1968b85c43871dc4,Flight Ticket
1968c11aaadbd551,Flight Ticket
1968f1fc1fd33746,Flight Ticket
1968fd24a2064996,Flight Ticket
196909eee9de9a77,Flight Ticket
1969096d106668f2,Flight Ticket
196914d076fc00ba,Flight Ticket
196919cf6bd64cce,Flight Ticket
196919c6c36426d6,Flight Ticket
19691d518e2b15a2,Flight Ticket
196917c6fd24473b,Hotel Reservation
1969255b8aa76e53,Hotel Reservation
19692547a263450c,Hotel Reservation
196925298a529092,Hotel Reservation
196924e650ea543f,Hotel Reservation
19693308764fabff,Hotel Reservation
196932f014ad033f,Hotel Reservation
19693f619eb34cab,Flight Ticket
19693e1b5f0c6d11,Flight Ticket
1969645a1e7f53b6,Flight Ticket
196968be738ae895,Flight Ticket
196968a1632fa427,Flight Ticket
19696cd6ee2ea9bb,Flight Ticket
1969d0bd5b334dc5,Flight Ticket
1969d5021cbb15e6,Flight Ticket
1969e3ce49813f4a,Flight Ticket
196a18d762dbbc77,Hotel Reservation
196a18c0969bbe0b,Hotel Reservation
196a186465540730,Hotel Reservation
196a184bd63f4bef,Hotel Reservation
196a1bf46f5dfd36,Flight Ticket
196a1bc554e843ae,Flight Ticket
196a1f52f53a628f,Flight Ticket
196a1f30eceb4f49,Flight Ticket
196a1f39a668e6b9,Hotel Reservation
196a1f122d46eb72,Hotel Reservation
196a2680b8c8169d,Flight Ticket
196a25ce80c83ef5,Flight Ticket
196a3127c3d0cbd3,Hotel Reservation
196a3323d5f5db1a,Hotel Reservation
196a330830275dd7,Hotel Reservation
196a69b37a10bf62,Flight Ticket
196a764fd4d34d3d,Hotel Reservation
196a7611119ef05b,Hotel Reservation
196a75fcaa7db033,Hotel Reservation
196a750b0443f819,Hotel Reservation
196a74f3daffcd6a,Hotel Reservation
196a74be9c6fe3e2,Hotel Reservation
196a745acbb7340b,Hotel Reservation
196a7727693da3c2,Flight Ticket
196a7720ddaf1e77,Flight Ticket
196a7cf3bad487eb,Flight Ticket
196a7d4d02d603d5,Flight Ticket
196a775dddb69b4d,Hotel Reservation
196a7747f4cb6a89,Hotel Reservation
196a77041ed65057,Hotel Reservation
196a76e8adeb5d8f,Hotel Reservation
196a76aa41d888da,Hotel Reservation
196a7695ee169782,Hotel Reservation
196a766573df5e0d,Hotel Reservation
196a87ab857c6122,Flight Ticket
196abbd1904709d7,Hotel Reservation
196abf302b3b101a,Flight Ticket
196ac48c83353f42,Flight Ticket
196ad562b72e42ce,Hotel Reservation
196ad543bab54395,Hotel Reservation
196ad92eb49418a7,Flight Ticket
196adc97c16f4301,Flight Ticket
196adf989c221603,Flight Ticket
196ae20f185184d0,Hotel Reservation
196ae1e3bfd9352f,Hotel Reservation
196adbd48632bc00,Hotel Reservation
196adb19ebc69c2d,Hotel Reservation
196adafa50394ae5,Hotel Reservation
196ada6a85c7d819,Hotel Reservation
196ada509cc4aab4,Hotel Reservation
196ad9f75a4ce39c,Hotel Reservation
196ad9d53b046442,Hotel Reservation
196ad7cad7054ebb,Hotel Reservation
196ad7a33fbc4813,Hotel Reservation
196b0c1c91a3d8c3,Flight Ticket
196b0fcb46418f6f,Hotel Reservation
196b0f9493707165,Hotel Reservation
196b1598b9cfb1aa,Flight Ticket
196b18bab24926ce,Flight Ticket
196b180e8e338648,Flight Ticket
196b17bf37f74117,Hotel Reservation
196b3021b39be22a,Flight Ticket
196b33ad05e83047,Flight Ticket
196b39761e57ba90,Hotel Reservation
196b394c284aed6c,Hotel Reservation
196b3921130f0537,Hotel Reservation
196b38d426e4e632,Hotel Reservation
196b38b50c8c533a,Hotel Reservation
196b388eba0e2ee2,Hotel Reservation
196b385ea17e769a,Hotel Reservation
196b3828d460b676,Hotel Reservation
196b38079b943632,Hotel Reservation
196b37e98c398ca3,Hotel Reservation
196b37c5e1ec9ef2,Hotel Reservation
196b31ab4669ac1e,Hotel Reservation
196b6cf8d619cebb,Flight Ticket
196b6f0f3bd11326,Flight Ticket
196b6e897f708d4a,Flight Ticket
196b6e67f15fb8fc,Flight Ticket
196b98b8339772dd,Flight Ticket
196b98b6d2e7263e,Flight Ticket
196b98b5a33623bf,Flight Ticket
196bafe6a017c8da,Flight Ticket
196bafe50548a9e3,Flight Ticket
196baf951e0bac1c,Flight Ticket
196bc88f0ffa6375,Flight Ticket
196be1f11a756d32,Flight Ticket
196be1b51b2e10e7,Flight Ticket
196be17f56baae8f,Flight Ticket
196be11864f73916,Flight Ticket
196be0cff5608208,Flight Ticket
196c07ccecb3e5b3,Flight Ticket
196c086dcf6479d0,Flight Ticket
196c110a36fe09d6,Flight Ticket
196c33dd5aab9501,Flight Ticket
196c5958d92d5b68,Flight Ticket
196c673f7feb5945,Hotel Reservation
196c672ad2dd0781,Hotel Reservation
196c671489a729a9,Hotel Reservation
196c66b6f46478a6,Hotel Reservation
196c701ca5af5a3a,Hotel Reservation
196ca264643ea365,Flight Ticket
196ca96a9c771daa,Hotel Reservation
196ca950e9103ac4,Hotel Reservation
196ca917d72abf95,Hotel Reservation
196ca8fa886b174e,Hotel Reservation
196cba53622a9781,Flight Ticket
196cb732c7ef2309,Flight Ticket
196cb72ce0241af3,Flight Ticket
196cbc1fcc289676,Flight Ticket
196cbee8c358c464,Hotel Reservation
196cebfbfe7b36d1,Flight Ticket
196cf751852fc378,Flight Ticket
196cf910acc5682f,Hotel Reservation
196cf8084595a42c,Hotel Reservation
196cfc45f05c3a7f,Flight Ticket
196cfbff7a3d9d43,Flight Ticket
196cfd4813e7e8a9,Hotel Reservation
196cfd270e326ffd,Hotel Reservation
196d1030d0dd0c55,Flight Ticket
196d1026fd9fb6b7,Flight Ticket
196d12204cd874de,Flight Ticket
196d155db4569771,Flight Ticket
196d19e220f9172d,Flight Ticket
196d159ef3c15001,Hotel Reservation
196d15805143c312,Hotel Reservation
196d154c3afe429a,Hotel Reservation
196d14fb89d19145,Hotel Reservation
196d13f062a5b374,Hotel Reservation
196d13c40bb857ea,Hotel Reservation
196d13b55a6cac9c,Hotel Reservation
196d13956d151007,Hotel Reservation
196d13849ac9bf8b,Hotel Reservation
196d2577a5692d9a,Flight Ticket
196d5191a754c31d,Flight Ticket
196d50ea34e7984e,Flight Ticket
196d50d730dd7dda,Flight Ticket
196d5cb7bae8fd94,Flight Ticket
196d640aa5ac97d2,Flight Ticket
196d640248c40ead,Flight Ticket
196d6d0679bd17ae,Flight Ticket
196d6ff014560400,Flight Ticket
196d6fa16aceaf49,Flight Ticket
196d6ef89e058636,Flight Ticket
196d6eea668dda37,Flight Ticket
196d6decae30749b,Flight Ticket
196d6dcddafe1e11,Flight Ticket
196d6d3c433d0fac,Flight Ticket
196d724f17fb9efc,Flight Ticket
196d714cb9fdbaef,Flight Ticket
196d7302fbae162b,Hotel Reservation
196d9a588f8cc304,Flight Ticket
196da61301835649,Flight Ticket
196da92165a8328e,Flight Ticket
196dad93e9d99326,Hotel Reservation
196da555b4394009,Hotel Reservation
196da541f92a200e,Hotel Reservation
196da516a9ab3ccb,Hotel Reservation
196daf567faa5d21,Hotel Reservation
196dc2d7cec2ce08,Hotel Reservation
196dc2c5f96fcc79,Hotel Reservation
196dc50ac1bb2760,Flight Ticket
196dcc509f9946e3,Flight Ticket
196dce1a3a7cf658,Flight Ticket
196dd29add9acff6,Flight Ticket
196dfa37e6c09474,Flight Ticket
196dff4e900182a3,Hotel Reservation
196e1d148fcc8135,Flight Ticket
196e60dc80b766a7,Flight Ticket
196e61da7d8e8cf5,Flight Ticket
196e69f4ccbe671e,Flight Ticket
196e693c8eab0392,Flight Ticket
196e6d405e5de6bd,Hotel Reservation
196e6cffb9a6ecf9,Hotel Reservation
196e8c0999cc5e5c,Flight Ticket
196e8be197315fa5,Flight Ticket
196e9ae1a8ff1be5,Flight Ticket
196e9a9309b9a3ef,Flight Ticket
196eb2b11da638fe,Flight Ticket
196eb47a8d0c6588,Flight Ticket
196ee2c4a709414d,Flight Ticket
196ee093954480b0,Flight Ticket
196ee4de5a51b13c,Flight Ticket
196ee4c7f1e95693,Flight Ticket
196ee406b02f4fa2,Flight Ticket
196ef508d0300719,Flight Ticket
196f0077830ef422,Hotel Reservation
196f0063c4535183,Hotel Reservation
196f04e1a8b5d0ec,Flight Ticket
196f03e6c85e8c98,Flight Ticket
196f0c2ea7ae7c71,Flight Ticket
196f09b84b52f22d,Flight Ticket
196f0951741c6254,Flight Ticket
196f0f7120993e97,Flight Ticket
196f0e717936bbcc,Flight Ticket
196f12def2efb015,Flight Ticket
196f3c2bc7132d29,Flight Ticket
196f3d8683ba9779,Flight Ticket
196f421eb88c7e56,Flight Ticket
196f41a7f086f2ef,Flight Ticket
196f459938d84d8a,Flight Ticket
196f44809df457d8,Flight Ticket
196f6571a5857a1e,Flight Ticket
196f6370865d21f9,Flight Ticket
196fafc80cbb8b60,Flight Ticket
196fafc3f5178c76,Flight Ticket
196faf3104804e8a,Flight Ticket
196fb4729a3d87f9,Hotel Reservation
196fb45c1aa2d954,Hotel Reservation
196fb3c6322465c7,Hotel Reservation
196fb3b34da61659,Hotel Reservation
196fb2eba90ccf82,Hotel Reservation
196fb2d0b29cce12,Hotel Reservation
196fb4f76afbed26,Hotel Reservation
196fb4d56250e36a,Hotel Reservation
196feb6daa5f48ce,Hotel Reservation
196feb5b1d4c330f,Hotel Reservation
196feaf9a950bf0e,Hotel Reservation
196feae023efd0b7,Hotel Reservation
196fea4c85be3465,Hotel Reservation
196fea2fb9769a5c,Hotel Reservation
196fe9a85df9a1e2,Hotel Reservation
196fe9916c28c27f,Hotel Reservation
196fe8cfe873ba0e,Hotel Reservation
196fe8a2f1e25145,Hotel Reservation
196feceae48452c3,Hotel Reservation
196fecd787f0391d,Hotel Reservation
196fec5512522d7c,Hotel Reservation
196fec3c6193ac1d,Hotel Reservation
196ffb9270a38690,Flight Ticket
19703ced688c8a78,Hotel Reservation
197050e4c008f01b,Flight Ticket
197050906d960b40,Flight Ticket
1970ab1a41680b7c,Flight Ticket
1970aaa6250f366a,Flight Ticket
1970aa8fd47f5c85,Flight Ticket
19713c691ef2e032,Flight Ticket
19713c4d7063ec18,Flight Ticket
19714861c7f51c5a,Flight Ticket
197146ea06f72b2e,Flight Ticket
197146c90d3fe348,Flight Ticket
19714c4256316901,Flight Ticket
197194c0227c02ff,Flight Ticket
1971942cb1d00f21,Flight Ticket
19719768dcaabc2b,Flight Ticket
1971974a8e0203f2,Flight Ticket
197196bce89afae6,Flight Ticket
1971964d0d1c5d51,Flight Ticket
1971a67435f72bef,Flight Ticket
1971a652f81ec275,Flight Ticket
1971a5dba34ae2b3,Flight Ticket
1971a8d484c52581,Hotel Reservation
1971a8b0c61fbda1,Hotel Reservation
1971a896107d9f51,Hotel Reservation
1971d23858edd06f,Flight Ticket
1971d07637d92cd0,Flight Ticket
1971d64b51517d0c,Flight Ticket
1971d3a5302a10d5,Flight Ticket
1971d74f3a1e1c52,Flight Ticket
1971dbc15db6a707,Flight Ticket
1971e2b82990adc0,Flight Ticket
1971e49fb3fe6c7c,Flight Ticket
1971e477caac49ae,Flight Ticket
1971f5b1193d371a,Flight Ticket
1972274cac8146e6,Flight Ticket
19722c686e72c5aa,Flight Ticket
19723e584f65008c,Flight Ticket
19723dfaf5169f5f,Flight Ticket
197243e7ae6cbe5f,Flight Ticket
197243e70ab6a8b3,Flight Ticket
1972caa9f7363bb5,Flight Ticket
1972e6a4c1b686a6,Flight Ticket
19732a6a0089167e,Flight Ticket
197329d7c99281fc,Flight Ticket
1973294388209298,Flight Ticket
19732778f7d4b972,Flight Ticket
19732b6e4a77f584,Flight Ticket
19732b38324fa10e,Flight Ticket
19732b04194079ae,Flight Ticket
19732ac5a571fbc3,Flight Ticket
19732924230c3606,Hotel Reservation
19733b70d43dc499,Flight Ticket
1973423b3733f70e,Flight Ticket
197341f1aea3e015,Flight Ticket
19736ae8dff310e4,Hotel Reservation
197372ef8328b977,Flight Ticket
19737875f7731b68,Flight Ticket
197381cb3a2a5b2a,Hotel Reservation
197381b14c404d6f,Hotel Reservation
19738b9166b65dc5,Flight Ticket
1973c02c9b4f1a28,Flight Ticket
1973c025503aa6e3,Flight Ticket
1973c01e92fda216,Flight Ticket
1973c3d7706d7184,Flight Ticket
1973c3970af9d373,Flight Ticket
1973c2f9947ab259,Flight Ticket
1973c1f0864d8164,Flight Ticket
1973c7a6727315cd,Flight Ticket
1973e5ef489ad404,Flight Ticket
19741aaa1d2baea5,Flight Ticket
19741e28429241e9,Flight Ticket
19741e19f9889b96,Flight Ticket
19741dc855c91508,Flight Ticket
19741dbb4c6d0967,Flight Ticket
19741d777f8d238c,Flight Ticket
19741d318ee15b7d,Flight Ticket
19741baaa0a5d74b,Flight Ticket
19741b2ebc58e6ae,Flight Ticket
197425f7f99027b8,Flight Ticket
1974252ce250e592,Flight Ticket
197431527f7a35a5,Hotel Reservation
19746718272ddf06,Flight Ticket
19746675390c30cf,Flight Ticket
19746a302402d07a,Flight Ticket
197469ea173df243,Flight Ticket
19746dff51b862a0,Flight Ticket
19746d021e5c0965,Hotel Reservation
19746cdf78ce6895,Hotel Reservation
19746cad727ee6a6,Hotel Reservation
19746c8a7e087fa5,Hotel Reservation
19748aab84e01734,Flight Ticket
1974bc09dee4915b,Flight Ticket
1974bbfa13e76ae3,Flight Ticket
1974bbe89034de5c,Flight Ticket
1974dd6badf204e1,Hotel Reservation
1974dd58220f784d,Hotel Reservation
1974dd36c05ec045,Hotel Reservation
1974dd1cccc5c59d,Hotel Reservation
197527d1d985797c,Flight Ticket
19752ae7102a7b00,Flight Ticket
19752a84360b9c8c,Flight Ticket
19752cdc4c0392d5,Hotel Reservation
19756091c32bf008,Flight Ticket
19756053acfa1c7c,Flight Ticket
19756d8be712baab,Flight Ticket
1975b63121ef0b0f,Flight Ticket
1975b4edac39536a,Flight Ticket
1975b9389172eace,Flight Ticket
1975b7dc4099b67c,Flight Ticket
1975bb488f07d079,Flight Ticket
1975baf6f7eac48e,Flight Ticket
1975bf3cd58eee3b,Flight Ticket
1975bf166952ad7a,Flight Ticket
1975d1fa56321d67,Flight Ticket
1975d515a22ab8da,Flight Ticket
1975fce54f3b49d9,Hotel Reservation
197600a3f0c00b12,Flight Ticket
197606cbed219b89,Flight Ticket
1976068637cf37ec,Flight Ticket
1976065c57a81e17,Flight Ticket
19760a58581f6b1f,Flight Ticket
1976099751ff627b,Flight Ticket
197613761748815e,Flight Ticket
19762115484f082f,Flight Ticket
19761fb0b2f5c441,Flight Ticket
19761e40891dec40,Flight Ticket
19761e3fa6a857ab,Flight Ticket
19764c4bbd9577fe,Hotel Reservation
19764c39703129ca,Hotel Reservation
19764c26976b335c,Hotel Reservation
1976525861d262a3,Hotel Reservation
1976523f1f428ef5,Hotel Reservation
19765526b27fa5e8,Flight Ticket
197654f557686b07,Flight Ticket
19765d95f0466f51,Flight Ticket
19765d08bf892e66,Flight Ticket
19765f18bccdd450,Flight Ticket
1976a6ad42b3b5e3,Flight Ticket
1976a64505e6ba60,Flight Ticket
1976a7de6c88df66,Flight Ticket
1976ab343f559a43,Flight Ticket
1976b1630bf9249a,Flight Ticket
1976b0b431133021,Hotel Reservation
1976bd19bab5ca4a,Flight Ticket
1976c1fd986cbdc8,Flight Ticket
1976c0907a144106,Flight Ticket
1976f9885f5c9c36,Flight Ticket
1976ff50d1ef4fbf,Flight Ticket
1976feca32f396e4,Flight Ticket
197701d7ac8ff074,Flight Ticket
19770104ed62b79a,Flight Ticket
1977063f66ead0c1,Flight Ticket
197708f5cf8b96b2,Flight Ticket
197708c9b6a3571b,Flight Ticket
197708731a52aed3,Flight Ticket
19770825c807e3c3,Flight Ticket
19773a6991a16adf,Flight Ticket
1977702a124b8185,Hotel Reservation
1977700f2921a7e2,Hotel Reservation
19776ff61e360d81,Hotel Reservation
19776fe1b8c59b64,Hotel Reservation
19779f56748aecae,Hotel Reservation
19779f2a622fa93a,Hotel Reservation
1977af3461722e26,Flight Ticket
1977b8e09b1353ca,Flight Ticket
1977bceee6c60c2f,Hotel Reservation
1977bc25e2e97cf4,Hotel Reservation
1977bbe3f6571626,Hotel Reservation
1977c0bc9f5a5f7e,Hotel Reservation
1977efd2286a14eb,Flight Ticket
1977fe4c53acb724,Flight Ticket
197800de4ab1426e,Hotel Reservation
19780498140bea92,Flight Ticket
19780258ad71f561,Flight Ticket
19780c4fa344bf06,Flight Ticket
19781430b6792257,Hotel Reservation
19781416211a7743,Hotel Reservation
197813f73197d46d,Hotel Reservation
19781b85a688574c,Flight Ticket
19781b0895943790,Flight Ticket
19781ad5f3c5cbec,Flight Ticket
197841cc04cfe78f,Hotel Reservation
197841aa4f813a3c,Hotel Reservation
19784381be4556c4,Flight Ticket
1978486209057d8d,Hotel Reservation
19784848f18d122f,Hotel Reservation
19784838284c6123,Hotel Reservation
1978480a1aee9d6b,Hotel Reservation
197847f904bb1e48,Hotel Reservation
197847e48c354c70,Hotel Reservation
19784ee264e86b55,Hotel Reservation
19784ecc257269b8,Hotel Reservation
1978531402c4552a,Hotel Reservation
19785483080f6d46,Hotel Reservation
1978931834d17f1c,Flight Ticket
197892f1f662c9e4,Flight Ticket
1978e869d50ac340,Flight Ticket
1978f47cadbf6e3e,Hotel Reservation
1978f76742423540,Flight Ticket
1978fae2994d196a,Flight Ticket
1978fa5d3ec917b7,Flight Ticket
1978f957f893621d,Flight Ticket
1979032f18753f7f,Flight Ticket
197902d0296ef8ee,Flight Ticket
19793a137760b44f,Flight Ticket
19793da68331aa25,Flight Ticket
19793d06191c20a6,Flight Ticket
19793bc09d956fb4,Flight Ticket
19793b0694b1071f,Flight Ticket
19793e45db9ab31c,Flight Ticket
19793e45907bd186,Flight Ticket
197941feff00c36b,Flight Ticket
19794131e6f67c06,Hotel Reservation
197941136f8aa77b,Hotel Reservation
19794a9e29152c49,Hotel Reservation
19794e50dd6886f6,Flight Ticket
1979543ed9af70b8,Hotel Reservation
19795426b6b63442,Hotel Reservation
197954112b1bdf7d,Hotel Reservation
197953fa82361ab5,Hotel Reservation
197953e3ffdddb76,Hotel Reservation
197953cf723bec7d,Hotel Reservation
197953b09f5df094,Hotel Reservation
19795393943b4ea5,Hotel Reservation
1979929eb3cd76af,Flight Ticket
1979912eeb8d690d,Flight Ticket
197990bd08fd3475,Flight Ticket
1979a20255fea6d4,Flight Ticket
1979b1b6257b4cbc,Flight Ticket
1979e2d84ed3c787,Flight Ticket
1979f13efc154058,Flight Ticket
1979f1361a182d51,Flight Ticket
1979f0e76a370b70,Flight Ticket
1979f0e24a1174ec,Flight Ticket
1979f0caa1fe50b1,Flight Ticket
1979fd2063e3c568,Flight Ticket
197a00cafa3cef1f,Flight Ticket
197a0046d9477384,Flight Ticket
1979fff4611ef55c,Flight Ticket
1979ffa50d4b678a,Flight Ticket
1979feb5e4cccccc,Flight Ticket
197a087960c46cf4,Flight Ticket
197a303f5d21ae31,Hotel Reservation
197a302d171d6413,Hotel Reservation
197a3013c571c61b,Hotel Reservation
197a380d899718ee,Hotel Reservation
197a37f54bfb38f7,Hotel Reservation
197a37e2c68e6820,Hotel Reservation
197a3b72664a6c55,Flight Ticket
197a3a624df46287,Flight Ticket
197a393350d52e92,Flight Ticket
197a3a00423ab704,Hotel Reservation
197a402856ca4ffc,Flight Ticket
197a3feba8e726b8,Flight Ticket
197a3f575b3a6f80,Flight Ticket
197a4cd50fe6bd40,Flight Ticket
197a4c6cdc9cb17d,Flight Ticket
197a4bb7808e6cac,Flight Ticket
197a4a774c9531e2,Flight Ticket
197a529120f3ef36,Flight Ticket
197a53c8b4cf3c88,Hotel Reservation
197a53afd68e5ff9,Hotel Reservation
197a7f8da65520df,Flight Ticket
197a83ab7a583aae,Flight Ticket
197a84748df076da,Flight Ticket
197a843796c7fbd8,Flight Ticket
197a8c93f0bc023b,Flight Ticket
197a8c5f6687f948,Flight Ticket
197a8b2e5ae436df,Flight Ticket
197a915cf00a89a7,Flight Ticket
197a93891d59ef7d,Flight Ticket
197a92ad81e5d2a1,Flight Ticket
197a92816cd4920b,Flight Ticket
197a942465511e38,Hotel Reservation
197a940c3a77be30,Hotel Reservation
197ad26d3ea23c7d,Flight Ticket
197ad422d76cf134,Flight Ticket
197ad42011736cac,Flight Ticket
197adbe794af6728,Flight Ticket
197adb9857c67000,Flight Ticket
197adb78d1431c21,Flight Ticket
197adb2aab5ff5ad,Flight Ticket
197ada9353beb280,Flight Ticket
197ade1f8f9a58dd,Hotel Reservation
197ade076bf5129d,Hotel Reservation
197addf0ac506305,Hotel Reservation
197aea827963729b,Hotel Reservation
197aea72a7959912,Hotel Reservation
197aea504a4c3713,Hotel Reservation
197aea3c1df5e5c2,Hotel Reservation
197aea2e32f8fdce,Hotel Reservation
197aea14c714f318,Hotel Reservation
197aea05e7f062e1,Hotel Reservation
197ae9f18fb9a283,Hotel Reservation
197ae9843c635abe,Hotel Reservation
197ae95b659df89a,Hotel Reservation
197ae93df0e5ee45,Hotel Reservation
197ae9269026dc2a,Hotel Reservation
197ae909ebf563bb,Hotel Reservation
197ae8d284ced5a8,Hotel Reservation
197ae8c061830987,Hotel Reservation
197ae87ec5103a73,Hotel Reservation
197af4697fac652b,Flight Ticket
197af6bec97379bf,Flight Ticket
197af5557d45346c,Flight Ticket
197b2b8d33e48b77,Flight Ticket
197b2b592dadc0b6,Flight Ticket
197b2aa5f2d1af41,Flight Ticket
197b2a2b7922a15e,Flight Ticket
197b2d7465629390,Flight Ticket
197b3cf10f2d352d,Flight Ticket
197b3ba87f32fe77,Flight Ticket
197b3fb721d14283,Flight Ticket
197b43eb36caea5f,Flight Ticket
197b43bbf17e4683,Flight Ticket
197b45c714c79133,Flight Ticket
197b44f4242bf039,Flight Ticket
197b44c341b75155,Flight Ticket
197b808bd0de101e,Flight Ticket
197b99b8b4744f79,Flight Ticket
197b997d02697c49,Flight Ticket
197b9aed28119d03,Hotel Reservation
197b9fec1dd3dc4e,Flight Ticket
197ba73648a16383,Flight Ticket
197be1161c9ea5a6,Flight Ticket
197bfa2b6656a8cf,Flight Ticket
197c1486aa9c972e,Flight Ticket
197c148420b08f4c,Flight Ticket
197c3e9af4c43b26,Flight Ticket
197c3bd6c10435f7,Flight Ticket
197c41e6556b4093,Flight Ticket
197c418a9be75612,Flight Ticket
197c4111181d3706,Flight Ticket
197c403a6cff3a49,Flight Ticket
197c46ec007446cc,Flight Ticket
197c71ba5add10e3,Flight Ticket
197c70f2c4aa96fa,Flight Ticket
197c6f74850d66f2,Flight Ticket
197c7334c5238294,Flight Ticket
197c72e0d8bb13e4,Flight Ticket
197c793115beb131,Hotel Reservation
197c7ca021082366,Flight Ticket
197c7bfdb9122ca2,Flight Ticket
197c7bc4a49fb5ae,Flight Ticket
197c7a6657295e47,Flight Ticket
197c7b1f7c23d04d,Hotel Reservation
197c7b03642fb1f6,Hotel Reservation
197c7acacb66da19,Hotel Reservation
197c7ab7a6764d02,Hotel Reservation
197c79b3a90ab1d0,Hotel Reservation
197c796ba5f84068,Hotel Reservation
197c7952ad92797d,Hotel Reservation
197c794460ca147e,Hotel Reservation
197c8432b346c3e8,Flight Ticket
197c8c274061ebe0,Flight Ticket
197cbf43009e59d7,Flight Ticket
197cf14e9f11604a,Flight Ticket
197d0f4bfdbc01b8,Flight Ticket
197d108943217856,Flight Ticket
197d17b3cf8a72f4,Flight Ticket
197d7a95255d097e,Flight Ticket
197d7a75209e8b0b,Flight Ticket
197ddcaca2b56a56,Flight Ticket
197e11984ac6508a,Flight Ticket
197e1023727d5832,Flight Ticket
197e0f3cb3fe66ea,Flight Ticket
197e14bb677796c7,Flight Ticket
197e132a769cbd1f,Flight Ticket
197e12e525f1eb0d,Flight Ticket
197e12610ac4b1f2,Flight Ticket
197e120b2bccb1ab,Flight Ticket
197e316244440b11,Flight Ticket
197e5cbafa976674,Flight Ticket
197e678dccdc3a62,Flight Ticket
197e693c63df6f3e,Flight Ticket
197e6a4b35c4c70f,Hotel Reservation
197e6a25a5179ce0,Hotel Reservation
197e74d54e4d2d93,Hotel Reservation
197e74b360d64b56,Hotel Reservation
197e747f2c76f82b,Hotel Reservation
197e74639bfecf51,Hotel Reservation
197e740ac4ce6c8a,Hotel Reservation
197e73dd9c39e0c8,Hotel Reservation
197e73c9613fcad4,Hotel Reservation
197e73b522780f9c,Hotel Reservation
197e73a17347c3ae,Hotel Reservation
197e730cfdba1489,Hotel Reservation
197e72d87b60a500,Hotel Reservation
197e72bdbf7e2a24,Hotel Reservation
197e726ee61067ad,Hotel Reservation
197e75bb0142b30a,Flight Ticket
197e75643831c0ba,Flight Ticket
197e7948d91bfbf0,Flight Ticket
197e7b86fee582bf,Hotel Reservation
197e7b74751209d7,Hotel Reservation
197e7b55a4a8ba1a,Hotel Reservation
197e7b434ee715a0,Hotel Reservation
197e898b9a775137,Flight Ticket
197eb383f7cf60f9,Hotel Reservation
197eb9cd8c0a6102,Hotel Reservation
197eb9c0220474b5,Hotel Reservation
197eb9af708d4077,Hotel Reservation
197eb9776799986f,Hotel Reservation
197ebe9725f8bde3,Flight Ticket
197ec2a97881a7ac,Hotel Reservation
197ec28fa8ff0fb2,Hotel Reservation
197ec2719b94b8f2,Hotel Reservation
197ec2507484db02,Hotel Reservation
197f0035e2e2d573,Flight Ticket
197f08e43c008fd7,Hotel Reservation
197f08cec15b14b3,Hotel Reservation
197f089f243ed548,Hotel Reservation
197f087650112a03,Hotel Reservation
197f084b794c3e1c,Hotel Reservation
197f08193f4ef256,Hotel Reservation
197f0c1becc2061c,Hotel Reservation
197f0c08c49c4a63,Hotel Reservation
197f0be3cc98c7e0,Hotel Reservation
197f0bc6e2fe0c5e,Hotel Reservation
197f0ba0bffbec77,Hotel Reservation
197f0b89cfbd3204,Hotel Reservation
197f0b23d0e7bc49,Hotel Reservation
197f0b0fc1042322,Hotel Reservation
197f0a95273b1542,Hotel Reservation
197f09d3b9dcb557,Hotel Reservation
197f098a2e046d9d,Hotel Reservation
197f097440c8e092,Hotel Reservation
197f09261450dbc2,Hotel Reservation
197f0912d8e85bb2,Hotel Reservation
197f19b4f16e1426,Flight Ticket
197f177d52ba5b8f,Flight Ticket
197f1769dd597d70,Flight Ticket
197f174cf49a521b,Flight Ticket
197f170f60ff964d,Flight Ticket
197f1c8c98d644a5,Flight Ticket
197f35678b925f4a,Flight Ticket
197f351db0889add,Flight Ticket
197f34bf48084636,Flight Ticket
197f34937ff393f2,Flight Ticket
197f638698166016,Flight Ticket
197f6b53c1f7739c,Hotel Reservation
197f6b3d528c5197,Hotel Reservation
197f6c899110190e,Flight Ticket
197f752acb6fcc04,Flight Ticket
197f74f0f7124d13,Flight Ticket
197faa250c2ca5a5,Flight Ticket
197fa73e6a11ae7d,Flight Ticket
197fad52d163c341,Flight Ticket
197facbace37be85,Flight Ticket
197faff706d00d8c,Flight Ticket
197fb14166ae38a4,Hotel Reservation
197fb1139eeafa35,Hotel Reservation
197fb0ed9862c346,Hotel Reservation
197fb09b302630de,Hotel Reservation
197fb0699a804c22,Hotel Reservation
197fb0361645fdf6,Hotel Reservation
197fb012618071f2,Hotel Reservation
197fafe8786c947e,Hotel Reservation
197fa8171ac12fbc,Hotel Reservation
197fa7f7c30e4bd4,Hotel Reservation
197fa7aecd60f8fe,Hotel Reservation
197fb5a9dd551fe1,Flight Ticket
197fcaf60f4407c7,Hotel Reservation
197ff788d3710402,Flight Ticket
19804ef100028c9a,Flight Ticket
198065535cec88f4,Flight Ticket
1980770a4c211a4f,Flight Ticket
1980755f3dbc5856,Flight Ticket
19807553c2e3d786,Flight Ticket
19809de4422cf321,Flight Ticket
19809f9f2ffc5d70,Flight Ticket
19809f78410f8c61,Flight Ticket
1980a1c38c189314,Flight Ticket
1980b58d418b6007,Flight Ticket
1980b481f2390f33,Flight Ticket
1980b8ea060f82cc,Flight Ticket
1980b75dc2aeb957,Flight Ticket
1980bb3fbd78732a,Flight Ticket
1980bb362f55b363,Flight Ticket
1980c5bc4417d510,Flight Ticket
1980c56611da9b78,Flight Ticket
1980c86bf8118b94,Flight Ticket
1980c85728ca2f7e,Flight Ticket
1980c775e31d0222,Flight Ticket
1980ef92a7e6b174,Flight Ticket
1980ef47714e34b0,Flight Ticket
1980ef0452cd407d,Flight Ticket
1980ed78af947550,Flight Ticket
1980ed77599a3d3d,Flight Ticket
1980f0e6610dc43a,Hotel Reservation
1980f8bbc6c4f186,Hotel Reservation
198115dd8bcc914e,Flight Ticket
19811587dc97cdd4,Flight Ticket
1981194579c09451,Flight Ticket
19811c6137a81223,Flight Ticket
19811c315dba4be3,Flight Ticket
19811b43ba420ee5,Flight Ticket
19811a583098fe3d,Flight Ticket
198142b7cb3812c3,Flight Ticket
198142360038497e,Flight Ticket
1981420c43e7f16b,Flight Ticket
198141b270c1b095,Flight Ticket
198155cc9954b43d,Flight Ticket
19815872f029ceb6,Flight Ticket
1981681d6e294259,Flight Ticket
19818bf5ae98bd47,Flight Ticket
19818bbcdab66817,Flight Ticket
19818ba9a1e3f41d,Flight Ticket
198191d9917c2243,Flight Ticket
19819ae275b790f6,Flight Ticket
19819ad236033b16,Flight Ticket
1981abfd4d08b895,Hotel Reservation
1981abedb7debc59,Hotel Reservation
1981abd9c124db33,Hotel Reservation
1981abc7a0ab6118,Hotel Reservation
1981ab88ece00880,Hotel Reservation
1981ab77088a24d0,Hotel Reservation
1981ab6a571ae662,Hotel Reservation
1981ab55f1c9705a,Hotel Reservation
1981aad87a9b4650,Hotel Reservation
1981aaca674645af,Hotel Reservation
1981aaaf48531524,Hotel Reservation
1981aa816496bb0f,Hotel Reservation
1981baf63c90d4ae,Flight Ticket
1981be5eb2ff8184,Flight Ticket
1981bcd69501ea71,Flight Ticket
1981bccb21639390,Flight Ticket
1981bea05258bcf5,Flight Ticket
1981c22dc8f0a2c7,Flight Ticket
1981d8d34734cc69,Flight Ticket
1981e746acfa7c9b,Flight Ticket
1981e707238cc7a8,Flight Ticket
1981e9e144c4d723,Flight Ticket
1981e98cf3ae4fdc,Flight Ticket
1981e90bf5c6a8c1,Flight Ticket
1981f12ae36b47cc,Flight Ticket
1981f466cb897bab,Flight Ticket
1981f97315f23349,Flight Ticket
19820189ebe795ee,Hotel Reservation
198201785c1c04d4,Hotel Reservation
198201673afadbdc,Hotel Reservation
198201498c880fd2,Hotel Reservation
19820f8512ff6e68,Flight Ticket
19823b1288997128,Flight Ticket
198298360e7bf8f9,Flight Ticket
19829bcea7beca92,Flight Ticket
19829bc698770d91,Flight Ticket
19829ab60737a556,Flight Ticket
1982a46de0e8ea62,Flight Ticket
1982a9fb639a9d30,Flight Ticket
1982e5e035aa61c2,Flight Ticket
1982f283c1234da7,Flight Ticket
1982f0cb75335f94,Flight Ticket
1982f6b5eaa55f0a,Flight Ticket
1982f5f4a1927c13,Flight Ticket
1982f57336c5d7ed,Flight Ticket
1982f56bb0ec8537,Flight Ticket
1982f471d4bebcff,Flight Ticket
1983033d42e08542,Flight Ticket
198301b9c2c6763e,Flight Ticket
198305ed1fbb737e,Flight Ticket
198325d88eefd51f,Flight Ticket
198325babcd006c3,Flight Ticket
1983247936468bf9,Flight Ticket
19833417dd4b3a07,Flight Ticket
1983317e5ca2cae2,Flight Ticket
19834360f8799036,Hotel Reservation
19834351cf911ede,Hotel Reservation
1983433f9adb07fa,Hotel Reservation
19834328c2070577,Hotel Reservation
198358d93848d1a5,Flight Ticket
19835f426a4e0a83,Flight Ticket
19835f13cdb0edce,Flight Ticket
19835ef0199ddb66,Flight Ticket
1983870f5cc99d68,Flight Ticket
1983885c99352050,Flight Ticket
198389015186f255,Hotel Reservation
198388d0223d7bb6,Hotel Reservation
19839b93ddfd3844,Hotel Reservation
19839bd2defe0015,Hotel Reservation
19839bc2d2f11c8d,Hotel Reservation
19839bb0845cabea,Hotel Reservation
1983a64acb421a3c,Flight Ticket
1983a6466ee1da4a,Flight Ticket
1983b31c67033e70,Flight Ticket
1983b4b4e790116c,Flight Ticket
1983b47c5c47c687,Flight Ticket
1983b506ddabf92c,Hotel Reservation
1983da8ec5f00a54,Flight Ticket
198428100e7071ac,Flight Ticket
198426ef97afa8c8,Flight Ticket
198429ce247c2880,Flight Ticket
19843e2005e6fd4c,Flight Ticket
1984959cd509f107,Flight Ticket
19849569176ec0a1,Hotel Reservation
198521eda19bcc32,Hotel Reservation
198528ab6c978906,Flight Ticket
198527ea7f02698d,Flight Ticket
19852a2b0e748b78,Flight Ticket
198536e687bfa9f0,Flight Ticket
19853a2c982b72f9,Flight Ticket
198539d344cfdc60,Flight Ticket
198539d031ff32de,Flight Ticket
198538a2c4eb0553,Flight Ticket
1985511e3f9bf7c9,Flight Ticket
1985507b61638480,Flight Ticket
19855075e4c054e0,Flight Ticket
1985752e86d18724,Flight Ticket
198574f8acde0f19,Flight Ticket
19857484295e0897,Flight Ticket
19857423e5d3b362,Flight Ticket
198572db2420f5d7,Flight Ticket
19857655dfc9b552,Flight Ticket
19857653a9915682,Flight Ticket
19857a905b22863f,Flight Ticket
1985793b7f5b5db7,Flight Ticket
19857d8c0ada9fe0,Hotel Reservation
19857d7c9d95db74,Hotel Reservation
19857d6defd04e03,Hotel Reservation
19857c6f4e7d376b,Hotel Reservation
19857c1d2d153f79,Hotel Reservation
19857ba52bd35310,Hotel Reservation
19857b819af0fe63,Hotel Reservation
19857b5793c87563,Hotel Reservation
198582f8e2a94347,Flight Ticket
198581e173e0cdbc,Flight Ticket
198581a5e4a7d94a,Flight Ticket
1985816087b99593,Flight Ticket
198580a2ea58c3ac,Flight Ticket
198580814189e9e5,Flight Ticket
19857fee9bb85ed3,Flight Ticket
19858382ecd5d718,Flight Ticket
19858148ca875c46,Hotel Reservation
19858f422d3d041a,Flight Ticket
19858e22c46274c4,Flight Ticket
19858dbb96c9704e,Flight Ticket
198593e3cf9e5f7f,Flight Ticket
1985932d33f633b6,Flight Ticket
19859713a318eace,Flight Ticket
198596bd4514757c,Flight Ticket
198596394c55b4bf,Flight Ticket
19859566371bd4e6,Flight Ticket
198594d2e3e08980,Flight Ticket
198594865326a520,Flight Ticket
1985ca5a728c4aef,Flight Ticket
1985cd8e84754cb5,Flight Ticket
1985d456d095af90,Hotel Reservation
1985d712c1667ead,Flight Ticket
1985e60e12bfb0b0,Flight Ticket
1985e50ffb77a987,Flight Ticket
1985e8778251c51d,Flight Ticket
1985eb7bbd66d272,Flight Ticket
1985eabbf3fb057e,Flight Ticket
1985eab55873301f,Flight Ticket
1985eab35d9cb698,Flight Ticket
1985ea8665262772,Flight Ticket
1985ea84ffa63ed4,Flight Ticket
1985ea83a02baa56,Flight Ticket
19861a2857163e13,Flight Ticket
198617bae2640a02,Flight Ticket
198623775dca2215,Flight Ticket
19862285f4dcb2cb,Flight Ticket
19862caa3eff1fae,Hotel Reservation
198631dd0aae5455,Flight Ticket
19863110bd1e0459,Flight Ticket
198630a65ff6d731,Flight Ticket
19863026e6387c37,Flight Ticket
19862fce837e9675,Flight Ticket
19863aa07bc71b01,Flight Ticket
19867967ce1372a6,Flight Ticket
19867cf933b16c37,Flight Ticket
19867c1e478a5b34,Flight Ticket
19867af5a50ee98c,Flight Ticket
198689f24d4ed5af,Flight Ticket
198697c943d73b3c,Hotel Reservation
1986965ae1a9ddde,Hotel Reservation
1986c029e9bf9868,Hotel Reservation
1986c98624be78e0,Flight Ticket
1986e80777029c48,Flight Ticket
1986e682dcb39376,Flight Ticket
1986e66fcde2f2e5,Flight Ticket
1986e65de9e80bf5,Flight Ticket
19870da93422e5e6,Flight Ticket
19873bfe1fb0c20f,Flight Ticket
19875e2c3c1e9c4c,Flight Ticket